,date,github_contributions,github_repos,so_reputation,Kaggle_contests,github_contributions_velocity,github_repos_velocity,so_reputation_velocity,Kaggle_contests_velocity,github_contributions_log,github_repos_log,so_reputation_log,Kaggle_contests_log,github_contributions_norm,github_repos_norm,so_reputation_norm,Kaggle_contests_norm,TGS
0,2025-09-09 23:30:18.028465,1758,7,914019,1,0.0,0.0,0.0,0.0,7.472500744737558,2.0794415416798357,13.725607732034957,0.6931471805599453,0.0,0.0,0.0,0.0,0.0
1,2025-10-09 23:30:18.028465,1967,7,921246,1,209.0,0.0,7227.0,0.0,7.584773077612199,2.0794415416798357,13.733483466035334,0.6931471805599453,0.13777191825881496,0.0,0.014302168182573512,0.0,5.87
2,2025-11-08 23:30:18.028465,2103,8,949295,2,136.0,1.0,28049.0,1.0,7.651595573857601,2.1972245773362196,13.763475936229916,1.0986122886681098,0.2274225444942161,0.249999999375,0.06981088761705594,0.249999999375,19.59
3,2025-12-08 23:30:18.028465,2497,8,978692,3,394.0,0.0,29397.0,1.0,7.823245690685523,2.1972245773362196,13.793973287043386,1.3862943611198906,0.4871456822644223,0.249999999375,0.12798728696161296,0.49999999875,35.19
4,2026-01-07 23:30:18.028465,2681,9,1000312,4,184.0,1.0,21620.0,1.0,7.894318063841624,2.302585092994046,13.815823508989993,1.6094379124341003,0.6084377059946708,0.49999999875,0.17077307305642953,0.7499999981250001,49.86
5,2026-02-06 23:30:18.028465,2732,9,1023311,4,51.0,0.0,22999.0,0.0,7.913155185928068,2.302585092994046,13.838554983772433,1.6094379124341003,0.6420566908329463,0.49999999875,0.21628788778328828,0.7499999981250001,52.34
6,2026-03-08 23:30:18.028465,2763,9,1111965,4,31.0,0.0,88654.0,0.0,7.92443418488756,2.302585092994046,13.921640177785655,1.6094379124341003,0.6624917600483686,0.49999999875,0.3917333586644108,0.7499999981250001,57.54
7,2026-04-07 23:30:18.028465,2767,10,1149197,5,4.0,1.0,37232.0,1.0,7.92588031673756,2.3978952727983707,13.95457486574465,1.791759469228055,0.6651285431729392,0.7499999981250001,0.4654151527385186,0.9999999975,68.24
8,2026-05-07 23:30:18.028465,2875,10,1186425,5,108.0,0.0,37228.0,0.0,7.964155718840937,2.3978952727983707,13.986455984602815,1.791759469228055,0.736321687536346,0.7499999981250001,0.5390890308485015,0.9999999975,72.93
9,2026-06-06 23:30:18.028465,2931,11,1250748,5,56.0,1.0,64323.0,0.0,7.983440063006542,2.4849066497880004,14.039253129829843,1.791759469228055,0.7732366512803347,0.9999999975,0.66638367094919,0.9999999975,82.59
10,2026-07-06 23:30:18.028465,3096,11,1264702,5,165.0,0.0,13954.0,0.0,8.038189179973203,2.4849066497880004,14.050347869969311,1.791759469228055,0.8820039551688728,0.9999999975,0.6939985117987307,0.9999999975,87.63
11,2026-08-05 23:30:18.028465,3275,11,1419327,5,179.0,0.0,154625.0,0.0,8.09437844497296,2.4849066497880004,14.1656940781277,1.791759469228055,0.9999999999934082,0.9999999975,0.9999999999999802,0.9999999975,100.0
